Country,MEDIAN of Delivery time
Hungary,36
Russia,34
Monaco,33
Slovakia,32
Georgia,32
Finland,31
Luxembourg,30.5
Lithuania,30
Bosnia and Herzegovina,30
Ukraine,29
Montenegro,29
Austria,29
Belgium,28.5
Sweden,28
Czech Republic,28
Switzerland,27.5
Poland,27
Netherlands,27
Albania,27
Belarus,26.5
Spain,26
Bulgaria,26
Andorra,26
France,25.5
Slovenia,25
Romania,24
Germany,24
Armenia,24
Unknow,23.5
Norway,23.5
Italy,23.5
Greece,23.5
Cyprus,23.5
Malta,23
Ireland,22.5
Latvia,21
Iceland,21
Denmark,21
San Marino,20.5
Macedonia,19.5
United Kingdom,19
Portugal,19
Liechtenstein,18.5
Serbia,18
Estonia,17
Croatia,11